{
  "dimensions": {
    "1367x2048": {
      "guardrails": {
        "force_safe": true,
        "latest_zero_rate": 66.66666666666666,
        "reasons": [
          "zero_rate_ge_20pct(66.67)",
          "test_count_lt_10(3)"
        ],
        "test_count": 3
      },
      "height": 2048,
      "parent_class": "portrait_standard",
      "primary": {
        "k1": -0.045,
        "k2": 0.04,
        "metrics": {
          "border_ratio": 0.0002315766630116959,
          "edge_f1": 0.39341187166423186,
          "grad_hist_loss": 0.0017366807778468256,
          "line_angle_loss": 0.18871772587299346,
          "loss": 0.2983310972945989,
          "norm_mae": 0.018386091087378705,
          "risk": 0.18254173523592976,
          "ssim": 0.9446596651269311,
          "warp_penalty": 0.09289977885782719
        }
      },
      "safe": {
        "k1": -0.01,
        "k2": 0.04,
        "metrics": {
          "border_ratio": 0.00021225481237816766,
          "edge_f1": 0.37586247181218807,
          "grad_hist_loss": 0.002187164887748481,
          "line_angle_loss": 0.21595024795581896,
          "loss": 0.3091492805749809,
          "norm_mae": 0.019232294652976243,
          "risk": 0.1560558554020762,
          "ssim": 0.9336507674967934,
          "warp_penalty": 0.013550509233027697
        }
      },
      "sampled_pairs": 60,
      "search": {
        "black_border_max": 0.002,
        "broad": true,
        "evaluated_candidates": 76,
        "valid_candidates": 50
      },
      "support": 96,
      "width": 1367
    },
    "2048x1356": {
      "guardrails": {
        "force_safe": true,
        "latest_zero_rate": 100.0,
        "reasons": [
          "zero_rate_ge_20pct(100.00)",
          "test_count_lt_10(4)",
          "high_risk_parent(heavy_crop)"
        ],
        "test_count": 4
      },
      "height": 1356,
      "parent_class": "heavy_crop",
      "primary": {
        "k1": -0.03,
        "k2": 0.07,
        "metrics": {
          "border_ratio": 8.229243485742381e-05,
          "edge_f1": 0.5973508048311956,
          "grad_hist_loss": 0.0011463649266290287,
          "line_angle_loss": 0.17733003615091245,
          "loss": 0.2139543007839557,
          "norm_mae": 0.017650980489705904,
          "risk": 0.08959841983563802,
          "ssim": 0.9220132229586642,
          "warp_penalty": 0.02190206991508603
        }
      },
      "safe": {
        "k1": -0.01,
        "k2": 0.03,
        "metrics": {
          "border_ratio": 8.25805063913471e-05,
          "edge_f1": 0.5861943767473957,
          "grad_hist_loss": 0.0011249019112863116,
          "line_angle_loss": 0.19145628834764164,
          "loss": 0.2208106227925097,
          "norm_mae": 0.01794278674850277,
          "risk": 0.08628311899515391,
          "ssim": 0.9212138066760688,
          "warp_penalty": 0.005008787498809397
        }
      },
      "sampled_pairs": 60,
      "search": {
        "black_border_max": 0.002,
        "broad": true,
        "evaluated_candidates": 76,
        "valid_candidates": 50
      },
      "support": 105,
      "width": 2048
    },
    "2048x1359": {
      "guardrails": {
        "force_safe": true,
        "latest_zero_rate": 100.0,
        "reasons": [
          "zero_rate_ge_20pct(100.00)",
          "test_count_lt_10(3)",
          "high_risk_parent(heavy_crop)"
        ],
        "test_count": 3
      },
      "height": 1359,
      "parent_class": "heavy_crop",
      "primary": {
        "k1": -0.04,
        "k2": 0.08,
        "metrics": {
          "border_ratio": 1.809512867647059e-05,
          "edge_f1": 0.5574314479299116,
          "grad_hist_loss": 0.0006373490868160118,
          "line_angle_loss": 0.20479997756580512,
          "loss": 0.22936427562581016,
          "norm_mae": 0.012328020038168417,
          "risk": 0.08239728489995758,
          "ssim": 0.9685971403653787,
          "warp_penalty": 0.03678613901138306
        }
      },
      "safe": {
        "k1": -0.01,
        "k2": 0.03,
        "metrics": {
          "border_ratio": 1.9052542892156865e-05,
          "edge_f1": 0.536761192024194,
          "grad_hist_loss": 0.0007011141511232703,
          "line_angle_loss": 0.2150459572672844,
          "loss": 0.23857318275061948,
          "norm_mae": 0.012682774105882333,
          "risk": 0.0762278962290533,
          "ssim": 0.9669548527592777,
          "warp_penalty": 0.005008752457797527
        }
      },
      "sampled_pairs": 60,
      "search": {
        "black_border_max": 0.002,
        "broad": true,
        "evaluated_candidates": 76,
        "valid_candidates": 50
      },
      "support": 122,
      "width": 2048
    },
    "2048x1360": {
      "guardrails": {
        "force_safe": false,
        "latest_zero_rate": 19.230769230769234,
        "reasons": [],
        "test_count": 26
      },
      "height": 1360,
      "parent_class": "moderate_crop",
      "primary": {
        "k1": -0.18,
        "k2": 0.37,
        "metrics": {
          "border_ratio": 0.00023983226102941175,
          "edge_f1": 0.5020268183763096,
          "grad_hist_loss": 0.0031435734373287355,
          "line_angle_loss": 0.2197411508609851,
          "loss": 0.26533542757712664,
          "norm_mae": 0.018082726718553533,
          "risk": 0.18832898758276456,
          "ssim": 0.9440893393940016,
          "warp_penalty": 0.1589304618537426
        }
      },
      "safe": {
        "k1": -0.05,
        "k2": 0.11,
        "metrics": {
          "border_ratio": 0.0002804266237745098,
          "edge_f1": 0.4358005640567482,
          "grad_hist_loss": 0.0032872934266428714,
          "line_angle_loss": 0.22634903751313687,
          "loss": 0.2897636211524122,
          "norm_mae": 0.021441221790376053,
          "risk": 0.1737101014774459,
          "ssim": 0.9291368409472522,
          "warp_penalty": 0.039876215159893036
        }
      },
      "sampled_pairs": 60,
      "search": {
        "black_border_max": 0.002,
        "broad": true,
        "evaluated_candidates": 75,
        "valid_candidates": 50
      },
      "support": 815,
      "width": 2048
    },
    "2048x1362": {
      "guardrails": {
        "force_safe": true,
        "latest_zero_rate": 0.0,
        "reasons": [
          "test_count_lt_10(2)"
        ],
        "test_count": 2
      },
      "height": 1362,
      "parent_class": "moderate_crop",
      "primary": {
        "k1": -0.08,
        "k2": 0.17,
        "metrics": {
          "border_ratio": 0.00023035386029411764,
          "edge_f1": 0.5772442206116832,
          "grad_hist_loss": 0.0014580469441135243,
          "line_angle_loss": 0.2031016523639361,
          "loss": 0.223897878625327,
          "norm_mae": 0.013418927021275938,
          "risk": 0.14692211889884982,
          "ssim": 0.9612028767957105,
          "warp_penalty": 0.06720480136573315
        }
      },
      "safe": {
        "k1": -0.05,
        "k2": 0.11,
        "metrics": {
          "border_ratio": 0.0002417470894607843,
          "edge_f1": 0.5728537458189423,
          "grad_hist_loss": 0.0013881171190012957,
          "line_angle_loss": 0.22691990695893766,
          "loss": 0.2299095995521165,
          "norm_mae": 0.01392294789061827,
          "risk": 0.14251495891023125,
          "ssim": 0.9587403466052232,
          "warp_penalty": 0.03987523727118969
        }
      },
      "sampled_pairs": 60,
      "search": {
        "black_border_max": 0.002,
        "broad": true,
        "evaluated_candidates": 76,
        "valid_candidates": 50
      },
      "support": 288,
      "width": 2048
    },
    "2048x1363": {
      "guardrails": {
        "force_safe": true,
        "latest_zero_rate": 45.83333333333333,
        "reasons": [
          "zero_rate_ge_20pct(45.83)"
        ],
        "test_count": 24
      },
      "height": 1363,
      "parent_class": "moderate_crop",
      "primary": {
        "k1": -0.07,
        "k2": 0.15,